晶品診所	高雄三民區十全一路223號1樓	22.644838	120.307256	07-3222517
尚文診所	高雄大樹區久堂路30號1樓	22.659312	120.420803	07-6527978
宏彰診所	高雄大樹區中正一路423號	22.695077	120.434052	07-6527531
順安內科兒科診所	高雄三民區自強一路229號	22.6355274	120.2912702	07-2815659
鄭榮祥診所	高雄三民區自強一路197號1樓	22.634707	120.291459	07-2511241
傳生診所	高雄三民區建國三路503號1樓	22.6353102	120.2887011	07-2911588
婦全婦產科診所	高雄三民區建國三路517號1樓	22.635163	120.288365	07-2728025
後驛診所	高雄三民區察哈爾二街19號1樓	22.647494	120.302377	07-3134133
進安家庭醫學科診所	高雄三民區建國三路144號1樓	22.637512	120.294285	07-2862494
謝智新骨科診所	高雄三民區九如二路471號1至2樓	22.641381	120.299135	07-3120303
承安耳鼻喉科診所	高雄三民區力行路250號1樓	22.6380074	120.2864438	07-3160789
南山醫院	高雄三民區建國三路151號	22.6377336	120.2985483	07-2882101
上仁診所	高雄三民區中華三路285號1樓	22.63588	120.293083	07-2155510
文雄醫院	高雄三民區察哈爾二街132號B1至5樓	22.6480612	120.2995451	07-3165275
曾繁英診所	高雄三民區自立一路267號	22.64249	120.296143	07-3111048
祐生醫院	高雄三民區建國三路60號	22.6379608	120.2961286	07-2866688
全民醫院	高雄三民區九如二路501號1至4樓	22.6413741	120.2985516	07-3220066
明榮診所	高雄三民區熱河一街370號1至2樓	22.644009	120.305858	07-3222875
樂田耳鼻喉科診所	高雄三民區熱河一街365號1樓	22.643607	120.305885	07-3115999
德謙醫院	高雄三民區九如二路18號	22.64066	120.3131826	07-3210981
愛仁醫療社團法人愛仁醫院	高雄三民區民族一路51號1至4樓	22.6418183	120.3139275	07-3115159
高斌祥外科診所	高雄三民區九如二路202號	22.6411023	120.3070736	07-3119515
怡德耳鼻喉科診所	高雄三民區自立一路99號	22.637307	120.296404	07-2864875
快安診所	高雄三民區立忠路29號1樓	22.6531048	120.325702	07-3895420
安昕診所	高雄三民區大昌一路163號1樓	22.6545419	120.3248841	07-3832564
新高醫院	高雄三民區莊敬路288號1至9樓	22.6498019	120.3182122	07-3828814
灣內診所	高雄三民區鼎山街705號1樓	22.649002	120.315715	07-3866118
高鳳診所	高雄三民區灣中街328號1樓	22.6498482	120.317945	07-3865481
陳豊源耳鼻喉科診所	高雄三民區建工路648號	22.649148	120.321936	07-3870120
賴耳鼻喉科診所	高雄三民區鼎山街581號	22.651048	120.317455	07-3826946
鼎山診所	高雄三民區鼎山街598號1樓	22.650883	120.316967	07-3824296
大慶耳鼻喉科診所	高雄三民區天祥一路146號1樓	22.667862	120.319246	07-3596393
曾柏彰診所	高雄三民區鼎力路339號1樓	22.669339	120.324531	07-3103216
獅湖診所	高雄三民區鼎力路305號1樓	22.6690426	120.3239161	07-3429999
蔡仁正診所	高雄三民區天祥一路200號1樓	22.668012	120.318229	07-3597493
育明診所	高雄三民區民族一路537號1至2樓	22.6660212	120.3163601	07-3478461
亮忠診所	高雄三民區明誠二路28號1樓	22.659911	120.314912	07-3490760
醫鼎診所	高雄三民區裕誠路101號1至2樓	22.6637684	120.3134578	07-3506789
振祐診所	高雄三民區大豐二路154號1樓	22.645451	120.330757	07-3805909
捷祺家庭兒科診所	高雄三民區裕誠路125號1樓	22.6636968	120.3129133	07-3503666
張氏診所	高雄三民區金鼎路368之5號1樓	22.6652067	120.3189247	07-3419182
沐康診所	高雄三民區河堤路318號1至2樓	22.6622255	120.3117024	07-3452197
董金山診所	高雄三民區大昌二路544號	22.651856	120.33021	07-3833405
黃旭瑞耳鼻喉科診所	高雄三民區大昌二路482號	22.650932	120.3311344	07-3802334
長清診所	高雄三民區九如一路135號1至3樓	22.636651	120.340507	07-3851441
謝明容耳鼻喉科診所	高雄三民區大昌二路142號1樓	22.6442154	120.3322203	07-3973999
郭建宏小兒科診所	高雄三民區義華路394號1樓	22.643638	120.3332677	07-3982606
偉倫小兒科診所	高雄三民區鼎山街256號1樓	22.6595982	120.3219502	07-3800333
柳雱邁診所	高雄三民區大順二路96號1樓	22.6420188	120.3272279	07-3895640
羅韻珊小兒科診所	高雄三民區大豐二路110之1號1樓	22.645734	120.32911	07-3870430
林志哲耳鼻喉科診所 	高雄三民區大豐二路90號	22.6459949	120.3284063	07-3987593
永馨診所	高雄三民區大昌一路170號1樓	22.6547294	120.3250867	07-3858856
尤啟享診所	高雄三民區澄和路53號	22.644258	120.344908	07-3811515
王俊仁耳鼻喉科診所	高雄三民區陽明路416號1樓	22.6462614	120.3429102	07-3959039
錫謀診所	高雄三民區陽明路398號	22.6459321	120.3428451	07-3835551
耀盛耳鼻喉科診所	高雄三民區澄和路27號	22.6442613	120.3454654	07-3929728
呂佳群耳鼻喉科診所	高雄三民區大昌二路305號1樓	22.6477225	120.3317667	07-3832988
蘇淑玲診所	高雄三民區建工路299號1至2樓	22.653365	120.332092	07-3956416
崇田耳鼻喉科診所	高雄三民區建工路302號1樓	22.653662	120.33163	07-3899900
莊永昌診所	高雄三民區建工路332號	22.653182	120.3307196	07-3922289
范雅修小兒科診所	高雄三民區平等路163號1樓	22.6422104	120.320843	07-3876366
胡榿小兒科診所	高雄三民區九如一路820號1樓	22.6400938	120.3195372	07-3827356
儲昭仁耳鼻喉科診所	高雄三民區九如一路854號1樓	22.6402116	120.3188447	07-3890470
國安診所	高雄三民區建興路193號1至2樓	22.643702	120.325829	07-3865379
天民泌尿科診所	高雄三民區大順二路80號1樓	22.64111	120.327648	07-3927073
余建興耳鼻喉科診所	高雄三民區建興路183號1樓	22.6435676	120.3259986	07-3892437
元成診所	高雄三民區陽明路81號1樓	22.6396562	120.3414357	07-3903808
開元診所	高雄三民區陽明路21號1樓	22.6376331	120.3409292	07-3873595
真善美診所	高雄三民區覺民路69號1至2樓	22.6387647	120.3432801	07-3945929
王漢卿小兒科診所	高雄三民區陽明路132號1樓	22.640601	120.34178	07-3877918
禾泰診所	高雄三民區陽明路68號1樓	22.6395147	120.3415575	07-3903812
和致祥診所	高雄三民區民族巷22之2號1樓	22.6467708	120.3152765	07-3812297
徐樹本小兒科診所	高雄三民區建興路373號	22.6467625	120.3220939	07-3867833
陳津甫耳鼻喉科診所	高雄三民區正興路167號	22.646832	120.319653	07-3805686
張殷彰診所	高雄三民區建工路531號1樓	22.6488379	120.3217638	07-3867121
蕭瑞榮小兒科診所	高雄三民區建工路533號1樓	22.6487342	120.3217691	07-3867121
建功婦產科診所	高雄三民區建工路537號1至4樓	22.6486969	120.3216164	07-3838788
沈中章婦產科診所	高雄三民區大昌二路97號1樓	22.6412048	120.3320295	07-3818993
林正峯小兒科診所	高雄三民區覺民路647號1樓	22.6412366	120.3277672	07-3806183
黃學武家庭醫學科診所	高雄三民區大昌二路23號1樓	22.6392785	120.3321484	07-3815668
邱建皓耳鼻喉科診所	高雄三民區鼎山街365號1樓	22.6578279	120.3219763	07-3909099
黃志維耳鼻喉科診所	高雄三民區建工路608號1樓	22.6494986	120.3232228	07-3947605
鼎真診所	高雄三民區金鼎路325號1樓	22.664925	120.3201395	07-3103130
吉星小兒科診所	高雄三民區天祥一路135之1號	22.6672941	120.3200633	07-3487936
鼎祥診所	高雄三民區天祥一路135之1號1樓	22.6672941	120.3200633	07-3477086
祐笙診所	高雄三民區鼎中路396號1樓	22.6668598	120.3196095	07-3105978
林振東耳鼻喉科診所	高雄三民區陽明路99號1樓	22.6400033	120.3415049	07-3826598
李坤泰診所	高雄三民區覺民路186號	22.639551	120.340241	07-3833282
羅中廷診所	高雄三民區褒揚街218號1樓	22.641589	120.339916	07-3966222
名祥診所	高雄三民區鼎力路116號	22.665257	120.322051	07-3493012
財團法人私立高雄醫學大學   附設中和紀念醫院	高雄三民區自由一路100號	22.6462853	120.3092701	07-3121101
楊英隆內兒科診所	高雄三民區九如二路419號	22.6411076	120.3008012	07-3116281
謝耳鼻喉科診所	高雄三民區熱河一街333號	22.643552	120.307007	07-3110420
建和耳鼻喉科診所	高雄三民區建國一路413之2號	22.6342537	120.3174289	07-2231828
謝外科醫院	高雄三民區河北一路330號	22.6368065	120.3031838	07-2360121
蔡智禮診所	高雄三民區北平一街132號	22.650157	120.305108	07-3225728
陳國敏婦產科診所	高雄三民區建國三路279號	22.6373789	120.2952265	07-2888115
何思賢家庭醫學科診所	高雄三民區吉林街98號	22.642732	120.306404	07-3119566
生生不息婦產科診所	高雄三民區九如二路162號1至2樓	22.641097	120.308279	07-3113331
朝日診所	高雄三民區嫩江街121號	22.644459	120.298639	07-3112218
民族醫院	高雄三民區民族一路880號	22.6685905	120.3173057	07-3462802
建心診所	高雄三民區裕誠路108號1至2樓	22.6639988	120.3129233	07-3593343
興中聯合診所	高雄三民區九如一路950號	22.640341	120.316749	07-3867535
天祥診所	高雄三民區建工路449號1樓	22.649182	120.3237265	07-3825669
惠民診所	高雄三民區正忠路185號1樓	22.643591	120.330303	07-3852378
安安診所	高雄鳳山區五甲三路111號1樓	22.5915298	120.3259407	07-7689615
李梓堯耳鼻喉科診所	高雄鳳山區三民路192號	22.6238961	120.3598685	07-7101995
建億診所	高雄鳳山區文濱路7號1至2樓	22.6383447	120.3482296	07-7809119
新華田內科診所	高雄鳳山區曹公路16之4號	22.6289029	120.3572832	07-7999128
陳重志聯合診所	高雄鳳山區光復路一段139號	22.6291246	120.3506574	07-7427329
林錦浩耳鼻喉科診所	高雄鳳山區光遠路260號	22.625567	120.362302	07-7419880
藍傳盛診所	高雄鳳山區中正路92號	22.644389	120.366202	07-7475195
吳外科骨科診所	高雄鳳山區中山西路102之9號	22.627056	120.3525433	07-7465265
博新診所	高雄鳳山區博愛路19號1樓	22.6263196	120.3744068	07-7019595
大欣診所	高雄鳳山區文化路25號1樓	22.633303	120.357879	07-7993009
蔡耳鼻喉科診所	高雄鳳山區中山西路277號	22.6279925	120.3475271	07-7196901
德恩診所	高雄鳳山區王生明路133號	22.619898	120.362667	07-7194722
江泰興耳鼻喉科診所	高雄鳳山區澄清路97號	22.6289695	120.3442773	07-7422296
黃榮隆診所	高雄鳳山區文衡路460號	22.6407302	120.3513786	07-7767700
祐幼小兒科診所	高雄鳳山區文衡路377號1樓	22.6405538	120.3513466	07-7769977
文衡診所	高雄鳳山區文衡路344號	22.6402089	120.3549872	07-7768185
高內兒科診所	高雄鳳山區民生路81號	22.62638	120.3609131	07-7424597
黃大沅小兒科診所	高雄鳳山區青年路二段468號	22.6439604	120.3515256	07-7679299
陳柏蒼耳鼻喉科診所	高雄鳳山區文衡路480號	22.6411018	120.3503412	07-7775388
大東醫院	高雄鳳山區光遠路171之2號	22.6253849	120.3619182	07-7463762
文華耳鼻喉科診所	高雄鳳山區文化路117號1樓	22.6343186	120.3518872	07-7902555
羅小兒科診所	高雄鳳山區青年路二段173號	22.6347849	120.350172	07-7778248
優生婦產科醫院	高雄鳳山區自由路189號	22.6256041	120.3511186	07-7478629
高丹榕診所	高雄鳳山區光復路二段223號1樓	22.6292481	120.3446634	07-7475556
台安診所	高雄鳳山區雙慈街26號	22.625005	120.357094	07-7410268
聖壹診所	高雄鳳山區瑞興路482號1樓	22.631121	120.3699702	07-7014755
民安診所	高雄鳳山區光遠路298號	22.6257736	120.3610738	07-7464813
林誓揚診所	高雄鳳山區經武路18號	22.626188	120.362202	07-7482227
高雄市立鳳山醫院	高雄鳳山區經武路42號	22.6285095	120.363105	07-7418151
正宏耳鼻喉科診所	高雄鳳山區光遠路189號1樓	22.6255304	120.3612474	07-7451196
國民小兒科診所	高雄鳳山區中正路37號	22.6252501	120.3592488	07-7427925
王楩楠內兒科診所	高雄鳳山區光遠路82號	22.624072	120.36621	07-7460334
吳文誌診所	高雄鳳山區鳳林路258號1樓	22.6223065	120.3768917	07-7820958
文德診所	高雄鳳山區文衡路301號1樓	22.6401749	120.35352	07-7805189
佑安耳鼻喉科診所	高雄鳳山區中山東路164號1樓	22.6258199	120.3748169	07-7030333
誠愛診所	高雄鳳山區誠愛路1號1樓	22.6091054	120.3589402	07-7556028
鳳山全民診所	高雄鳳山區博愛路328號	22.630812	120.3686642	07-7037038
韓台基診所	高雄鳳山區新富路333號	22.6131352	120.3446975	07-7662525
吳辰龍耳鼻喉科診所	高雄鳳山區新富路352號	22.612722	120.343042	07-7661910
凱旋診所	高雄鳳山區凱旋路261號	22.6134056	120.3491675	07-7637639
何鴻鈞診所	高雄鳳山區林森路324號	22.5968149	120.3378778	07-7716819
聖恩診所	高雄鳳山區五甲二路395號	22.5977088	120.335441	07-7219819
錦明小兒科診所	高雄鳳山區自強二路171號	22.596975	120.3269783	07-7683688
陳弘列內兒科診所	高雄鳳山區五甲二路697號	22.5938896	120.3291517	07-8111227
新宏亞診所	高雄鳳山區五甲三路14號	22.5932435	120.3279565	07-8229340
惠德醫院	高雄鳳山區福祥街81號1至2樓	22.5921035	120.3251207	07-8126000
杏和醫院	高雄鳳山區五甲二路389號	22.5977962	120.3355657	07-7613111
上健診所	高雄鳳山區中崙四路12號1樓	22.5995347	120.3521459	07-7532687
佳醫診所	高雄鳳山區五甲二路357號	22.5980916	120.3362191	07-7219191
九大五甲診所	高雄鳳山區五甲二路348號1樓	22.5995541	120.337679	07-7276789
曾建森診所	高雄鳳山區五甲三路57號1樓	22.592263	120.3270791	07-8121515
澄明診所	高雄鳳山區國富路28號	22.615551	120.349794	07-7633595
昭融耳鼻喉科診所	高雄鳳山區新富路362號	22.612745	120.343259	07-7667791
黃柏仁診所	高雄鳳山區文豐街36巷3號1樓	22.5968038	120.3358403	07-7132835
黃智興診所	高雄鳳山區五甲二路356之1號1樓	22.5993025	120.3374998	07-7276688
仁恩診所	高雄鳳山區五甲三路79號1樓	22.5920142	120.3265044	07-8133897
吳文紹診所	高雄鳳山區五甲三路3號	22.5930042	120.3280997	07-8111688
嘉美診所	高雄鳳山區中山路79號	22.621417	120.36016	07-7413668
健元內科診所	高雄鳳山區武慶二路126號	22.6128081	120.3327992	07-7164100
葉耳鼻喉科診所	高雄鳳山區青年路二段373號1樓	22.6419669	120.3513199	07-7778783
國仁內科小兒科診所	高雄鳳山區中山西路2之3號	22.626248	120.3554661	07-7461855
趙大夫診所	高雄鳳山區瑞竹路97號	22.6263514	120.3675127	07-7104010
杏康診所	高雄鳳山區文化路47之1號1樓	22.633544	120.356343	07-7407580
郭崇志診所	高雄鳳山區光復路一段171號	22.6291624	120.3498568	07-7100192
鳳山健安診所	高雄鳳山區青年路二段358之1號1至2樓	22.6419612	120.3513569	07-7677002
仁惠婦幼醫院	高雄鳳山區自由路81號	22.625853	120.3533809	07-7104397
超群診所	高雄鳳山區五甲一路221號	22.6181028	120.3550138	07-7401582
蔡崇毅診所	高雄鳳山區仁愛路12號	22.6229923	120.3730242	07-7021651
文山長慶小兒科診所	高雄鳳山區文龍東路738號1樓	22.6429767	120.3525147	07-7774098
文山診所	高雄鳳山區建國路三段157號1樓	22.6370914	120.3534763	07-7107010
吳萍建小兒科診所	高雄鳳山區瑞明街90巷8號1樓	22.627619	120.37162	07-7191180
詹文祥耳鼻喉科診所	高雄鳳山區曹公路14號1樓	22.6284272	120.3573028	07-7425003
陳茂展診所	高雄鳳山區鳳松路61號1至3樓	22.6345754	120.361613	07-7107302
孟昌診所	高雄鳳山區海洋二路39號1樓	22.6104838	120.3465771	07-7650908
詠馨診所	高雄鳳山區五福一路6號1樓	22.6290162	120.3182392	07-8119789
嘉佑診所	高雄鳳山區五甲二路357號1樓	22.5980916	120.3362191	07-7215716
朝仁耳鼻喉科診所	高雄鳳山區自強二路172號1樓	22.5970556	120.327241	07-8110527
鳳德診所	高雄鳳山區南京路153之21號	22.6090963	120.3452368	07-7663893
鳳頂診所	高雄鳳山區鳳頂路380號	22.593739	120.359234	07-7962166
李威德診所	高雄鳳山區五甲三路48號	22.592893	120.327362	07-8227676
新高鳳醫院	高雄鳳山區光遠路360號	22.6262003	120.3587368	07-7472320
牛伯伯兒科診所	高雄鳳山區建國路三段338號	22.6378355	120.3491641	07-7808123
韻田耳鼻喉科	高雄鳳山區青年路二段146之2號1樓	22.6338684	120.3501286	07-7991966
呂忠勳診所	高雄鳳山區南京路407號	22.6151815	120.3454878	07-7675176
楊秋龍診所	高雄鳳山區大明路163號	22.6100302	120.3416208	07-7660191
楊寶麟小兒科診所	高雄鳳山區南京路312號	22.6129278	120.3454556	07-7639092
國軍高雄總醫院左營分院	高雄左營區軍校路553號	22.7012121	120.290507	07-5811648
德仁診所	高雄左營區勝利路190號	22.6817426	120.2888253	07-5819228
陳進成診所	高雄左營區華夏路985號1樓	22.681343	120.305221	07-3503387
楊耳鼻喉科診所	高雄左營區後昌路731號	22.7092818	120.2968301	07-3651536
王津勝小兒科診所	高雄左營區華夏路260號1樓	22.670603	120.297169	07-5533243
蘇峯民耳鼻喉科診所	高雄左營區文自路842號1樓	22.6848883	120.3154629	07-3507990
振亮診所	高雄左營區左營大路156號1樓	22.6837242	120.289198	07-5879799
德安診所	高雄左營區民族一路901巷1號	22.681231	120.3182	07-3464695
蔡東隆診所	高雄左營區富國路39號1樓	22.657685	120.3065254	07-5567653
欣正中診所	高雄左營區南屏路245號1樓	22.6696642	120.298045	07-5555171
力人耳鼻喉科診所	高雄左營區自由二路456號1樓	22.6680692	120.3096048	07-5560618
楊東穎診所	高雄左營區自由三路327號1樓	22.6742024	120.3120557	07-3505726
宜家診所	高雄左營區華夏路395號1樓	22.6733991	120.2983962	07-3502766
九大自由診所	高雄左營區自由三路410號1樓	22.6756272	120.3127325	07-3591963
胡義祥內兒科診所	高雄左營區左營大路85號	22.682491	120.288143	07-5826811
金仁福診所	高雄左營區華夏路228號1樓	22.669949	120.296812	07-5529843
楊宜璋耳鼻喉科診所	高雄左營區明誠二路362號1樓	22.6613009	120.307225	07-5591007
裕興診所	高雄左營區自由二路320號1樓	22.664851	120.308617	07-5583277
康澤小兒科診所	高雄左營區自由三路382號1樓	22.6748867	120.312455	07-3453356
福山診所	高雄左營區重愛路218號1樓	22.6856371	120.315641	07-3482323
沈嘉充診所	高雄左營區中華一路5號1樓	22.669611	120.2868464	07-5851778
富誠診所	高雄左營區富國路355號1樓	22.6668778	120.307305	07-5560925
黃昭文診所	高雄左營區自由二路255號1樓	22.6624537	120.3081759	07-5592289
賴孟德診所	高雄左營區孟子路608號	22.678009	120.3038929	07-3439801
加安耳鼻喉科診所	高雄左營區左營大路95號	22.682679	120.288258	07-5816899
晨田耳鼻喉科診所	高雄左營區榮佑路41號1樓	22.6818749	120.3205778	07-3508893
宗禾診所	高雄左營區博愛四路80號1樓	22.6824472	120.3114599	07-3500980
馬遠成診所	高雄左營區果峰街2巷3號1樓	22.6706434	120.2892812	07-5832348
國聖診所	高雄左營區文慈路150號1樓	22.681811	120.31807	07-3506203
謝宗哲耳鼻喉科診所	高雄左營區裕誠路424號1樓	22.665885	120.305458	07-5584717
薛智峰耳鼻喉科診所	高雄左營區華夏路703號1樓	22.678247	120.302006	07-3439190
恩欣小兒科診所	高雄左營區自由四路324號1樓	22.684888	120.316616	07-3451966
長安診所	高雄左營區左營大路253號1樓	22.6861416	120.2904379	07-5821864
陳信旭小兒科診所	高雄左營區明華一路156號1樓	22.6629364	120.3070293	07-5590256
李凱斌小兒科診所	高雄左營區文莊路53號	22.6774015	120.3121505	07-3454784
李全忠診所	高雄左營區自由三路528號1樓	22.678346	120.313721	07-3450696
王欽程診所	高雄左營區華夏路1141號	22.684366	120.309045	07-3491100
傳家家庭醫學科診所	高雄左營區裕誠路265號	22.664604	120.3091309	07-5587919
陳進祥診所	高雄左營區文德路2號	22.6691473	120.3111751	07-3491349
江春木診所	高雄左營區天祥二路105號1樓	22.6685639	120.3136896	07-5567377
中心小兒科診所	高雄左營區新庄仔路179之6號2樓	22.6703792	120.30381	07-3488226
詠康診所	高雄左營區後昌路603號1樓	22.7077817	120.2993636	07-3637880
鄭倩寧家醫科診所	高雄左營區自由二路226號1樓	22.66376	120.308436	07-5507919
廖耳鼻喉科診所	高雄左營區富國路343號	22.6664681	120.307241	07-5509691
雙子星小兒科診所	高雄左營區大中二路238號1樓	22.6790793	120.3141216	07-3501366
誠安診所	高雄左營區裕誠路336號1至2樓	22.6654052	120.3078113	07-5508997
宸華診所	高雄左營區大順一路264號1樓	22.657145	120.30743	07-5580165
蔡鶴峰診所	高雄左營區後昌路601號	22.707571	120.299498	07-3661818
嚴世安診所	高雄左營區翠峰路32號1樓	22.6717507	120.2891788	07-5811746
吉祥診所	高雄左營區翠華路601巷75號1樓	22.6738884	120.2903477	07-5810757
華夏診所	高雄左營區華夏路708號1樓	22.6779064	120.3022713	07-3453961
田源診所	高雄左營區政德路230號	22.67722	120.300269	07-3432641
李建中診所	高雄左營區崇德路238號1樓	22.6753154	120.304755	07-3498018
永霖小兒科診所	高雄左營區孟子路415號1樓	22.6755836	120.3077057	07-3498118
王聖智耳鼻喉科診所	高雄左營區博愛二路292號	22.662418	120.303506	07-5586755
黃慧光皮膚科診所	高雄左營區後昌路631號1至4樓	22.7080389	120.2987155	07-3615530
吳光男小兒科內科診所	高雄左營區廓後街19號	22.6877358	120.2916524	07-5812871
張簡耳鼻喉科診所	高雄左營區自由三路300號1樓	22.6740505	120.3122598	07-3454185
高雄榮民總醫院	高雄左營區大中一路386號	22.6797767	120.3223911	07-3422121
馨蕙馨醫院	高雄左營區明誠二路541號	22.6609865	120.3038197	07-5586080
博愛蕙馨醫院	高雄左營區博愛二路20號1至7樓	22.6596079	120.3031195	07-8628880
彌馨診所	高雄左營區至聖路288號1至3樓及6樓	22.6598273	120.3041548	07-8629880
高雄市立民生醫院	高雄苓雅區凱旋二路134號	22.626625	120.3235881	07-7511131
信義醫療財團法人高雄基督教醫院	高雄苓雅區華新街86號	22.6139795	120.296308	07-3321111
童春診所	高雄苓雅區武慶三路98號	22.6205274	120.3319261	07-7210983
林勁甫耳鼻喉科診所	高雄苓雅區建國一路122號	22.6323031	120.3313161	07-7256515
曾政峰耳鼻喉科診所	高雄苓雅區三多三路112之1號1樓	22.616258	120.310861	07-3352777
一誠診所	高雄苓雅區建國一路115號之5	22.6314174	120.3330282	07-7511156
林仁崇診所	高雄苓雅區正義路235號	22.632728	120.340495	07-7494202
王勇智耳鼻喉科	高雄苓雅區四維二路247號	22.621564	120.31717	07-7253460
羅吉雄內外科診所	高雄苓雅區興中一路259號	22.617467	120.310323	07-3348118
邱康程內科診所	高雄苓雅區建國一路336號	22.6329753	120.3247776	07-2231118
許國泰診所	高雄苓雅區和平二路316號	22.6157768	120.3227171	07-7213916
展穎診所	高雄苓雅區四維一路157號	22.6240919	120.3246258	07-7130822
陳世琛小兒科診所	高雄苓雅區青年一路1之18號1樓	22.624433	120.31573	07-7235923
劉春田內兒科診所	高雄苓雅區五權街106號	22.6212996	120.3220178	07-7514306
張清雲內科小兒科診所	高雄苓雅區成功一路155號	22.6158532	120.2968532	07-3314071
新鴻遠診所	高雄苓雅區建國一路113之2號1樓	22.6313013	120.3331774	07-7229860
許健聰診所	高雄苓雅區和平一路280號	22.633023	120.317061	07-2254639
永康診所	高雄苓雅區光華一路145號	22.6221	120.316108	07-5352200
宗天一皮膚科診所	高雄苓雅區四維三路121之3號1樓	22.618215	120.307884	07-5361100
健維診所	高雄苓雅區福建街25號	22.618919	120.316572	07-3344637
信君耳鼻喉科診所	高雄苓雅區武廟路30號1樓	22.630084	120.3322035	07-7168385
吳國松心臟科診所	高雄苓雅區三多二路283號	22.6188024	120.3199529	07-7614892
聖功醫院	高雄苓雅區建國一路352號	22.6333516	120.3239848	07-2238153
劉永豐診所	高雄苓雅區建國一路15之1號1至2樓	22.6288707	120.3405448	07-7492636
愛欣診所	高雄苓雅區正義路136號3至5樓	22.6309309	120.3394381	07-7497077
光田診所	高雄苓雅區苓雅二路199號	22.616124	120.29604	07-3338336
徐獨立診所	高雄苓雅區武慶三路144號	22.6214508	120.3317966	07-7133284
許桂庭外科診所	高雄苓雅區福德二路47號	22.6314444	120.3278661	07-7222634
顏小兒科診所	高雄苓雅區輔仁路148號1樓	22.6315625	120.3338297	07-7221409
五塊厝診所	高雄苓雅區三多一路139號	22.6230628	120.3324825	07-7614545
宇安診所	高雄苓雅區四維二路94之18號1樓	22.622868	120.320066	07-7511779
黃武雄診所	高雄苓雅區建國一路286號1樓	22.6330489	120.326288	07-7275889
麗水診所	高雄苓雅區四維二路96之4號	22.622423	120.318873	07-7174989
善美診所	高雄苓雅區中華四路120號	22.614665	120.301801	07-3336030
國軍高雄總醫院	高雄苓雅區建軍路5號	22.6259888	120.3419285	07-7496751
泰順聯合診所	高雄苓雅區光華一路148之95號	22.6262041	120.3149565	07-2241595
曾惠仁耳鼻喉科診所	高雄苓雅區三多二路81號	22.6206818	120.3256452	07-7218972
蔡小兒科診所	高雄苓雅區林泉街19號	22.62339	120.3196169	07-7238382
林文樹小兒科內科診所	高雄苓雅區武慶三路89號	22.6215062	120.3315188	07-7611286
乃榮醫療社團法人乃榮醫院	高雄苓雅區三多二路226號B1至5樓	22.6187459	120.318798	07-7613151
阮綜合醫院	高雄苓雅區成功一路162號	22.6153314	120.2976601	07-3351121
邱外科醫院	高雄苓雅區成功一路137號1至6樓	22.6147008	120.297335	07-3364131
林國坤診所	高雄苓雅區建國一路115之4號	22.6315204	120.3327092	07-7225391
聖安診所	高雄苓雅區大順三路186號	22.633411	120.326176	07-7277097
小太陽診所	高雄苓雅區和平一路150號	22.6276215	120.3191394	07-2267753
立佳診所	高雄苓雅區輔仁路149號	22.630232	120.332922	07-7710966
吳三江內科診所	高雄苓雅區憲政路240號1至4樓	22.6366232	120.3212657	07-2222088
馨田耳鼻喉科診所	高雄苓雅區光華一路148之59號	22.623961	120.3157859	07-7160043
惠霖診所	高雄苓雅區建國一路111號	22.6311213	120.3339894	07-7159500
冠泰診所	高雄苓雅區福德二路69號1樓	22.6313029	120.3278367	07-7222628
侯內兒科診所	高雄苓雅區興中一路314號	22.6159707	120.3049908	07-3348656
柯武鎮診所	高雄苓雅區福壽街193號1樓	22.6264571	120.3263257	07-7131840
王骨科診所	高雄苓雅區五福一路161號	22.626645	120.312126	07-2269456
昱泰診所	高雄苓雅區興中一路227號	22.617845	120.311422	07-5378768
邱靖媛小兒專科診所	高雄苓雅區大順三路172號	22.633124	120.326067	07-7215153
小貝貝小兒科診所	高雄苓雅區光華一路25號	22.618911	120.317351	07-3383099
黃寶慧婦產科診所	高雄苓雅區三多三路124號1樓	22.616206	120.310635	07-3308365
吉利診所	高雄苓雅區三多一路173號1樓	22.6227915	120.3317139	07-7515169
芳生內兒科診所	高雄苓雅區河北路154號	22.6275578	120.3257407	07-7616363
康和耳鼻喉科診所	高雄苓雅區復興二路1號	22.616604	120.311587	07-3332866
仁和診所	高雄苓雅區永昌街22號	22.6166123	120.2993225	07-3346988
許耳鼻喉科診所	高雄苓雅區復興二路71號	22.621512	120.309669	07-3340225
盛田婦產科診所	高雄苓雅區興中二路12號	22.615359	120.303228	07-3312686
劉可威診所	高雄苓雅區福建街14號1樓	22.618686	120.316838	07-3352297
潘漢嘉診所	高雄苓雅區英明路118號	22.6142199	120.3253534	07-7153909
鎮安診所	高雄苓雅區輔仁路116號	22.6308089	120.3335334	07-7156166
榮安內兒科	高雄苓雅區四維四路65號	22.615346	120.298958	07-3343467
莘雅皮膚科診所	高雄苓雅區三多二路317號1至2樓	22.6184758	120.3187818	07-7250147
吳玉衡小兒科診所	高雄苓雅區青年一路1之17號	22.6244686	120.3158538	07-7234526
陳清裕小兒科診所	高雄苓雅區三多一路327號	22.6216686	120.328505	07-7517221
安田婦產科診所	高雄苓雅區三多二路353號	22.618275	120.31808	07-7255167
懷恩婦產科診所	高雄苓雅區三多一路205號	22.622504	120.3309512	07-7273738
徐貴勝診所	高雄苓雅區六合路52號	22.632259	120.317877	07-2240668
楊朝欽內科診所	高雄苓雅區三多三路238號	22.614656	120.306037	07-3349010
黃守智小兒科診所	高雄苓雅區忠孝二路54號	22.619205	120.3085083	07-3328678
高雄市立凱旋醫院	高雄苓雅區凱旋二路130號	22.6251221	120.3240374	07-7513171
同慶診所	高雄苓雅區同慶路78號	22.6276624	120.3210022	07-2260957
嘉祐耳鼻喉科診所	高雄前鎮區一心一路388號1樓	22.60905	120.3161	07-3318012
昭哲診所	高雄前鎮區永豐路214號1樓	22.6087133	120.3333286	07-7136366
張朝金家庭醫學科外科診所	高雄前鎮區瑞隆路631號	22.6049297	120.3253069	07-7119401
聖青診所	高雄前鎮區草衙一路112號	22.584251	120.322361	07-8310970
佑鎮診所	高雄前鎮區樹人路128號	22.588482	120.320098	07-8121606
吳泰成耳鼻喉科診所	高雄前鎮區林森三路150號	22.613645	120.308841	07-3361136
宏昇診所	高雄前鎮區草衙二路470號1樓	22.579973	120.323041	07-8112522
祥全診所	高雄前鎮區一心二路86號	22.611524	120.310437	07-3340393
永豐診所	高雄前鎮區永豐路110號	22.6064854	120.3335864	07-7515678
親親診所	高雄前鎮區一心一路402號	22.6094335	120.3151409	07-3391078
黃裕峯耳鼻喉科診所	高雄前鎮區保泰路427號	22.6042236	120.3361135	07-7268385
吳信宏耳鼻喉科小兒科診所	高雄前鎮區三多二路401號	22.617845	120.316638	07-3334258
永祥診所	高雄前鎮區永豐路110號1樓	22.6064854	120.3335864	07-7515678
佳欣婦幼醫院	高雄前鎮區三多三路149號	22.615646	120.3102381	07-3312233
龔國祥內科診所	高雄前鎮區前鎮區復興三路301號	22.585435	120.309562	07-5351123
達仁診所	高雄前鎮區崗山南街468號	22.6011189	120.3299508	07-7250328
曾長安診所	高雄前鎮區二聖一路170號	22.6123951	120.3229339	07-7219955
前鎮長青診所	高雄前鎮區凱旋三路83號	22.6068403	120.3247667	07-7225270
德豐診所	高雄前鎮區光華三路269號	22.6067181	120.3159135	07-5363587
樹德診所	高雄前鎮區樹人路281號	22.591326	120.3173429	07-8151892
劉志明耳鼻喉科診所	高雄前鎮區一心一路482號	22.609907	120.314274	07-3363311
全家診所	高雄前鎮區二聖一路92號	22.6121424	120.3247128	07-7273688
博聖診所	高雄前鎮區擴建一路59號	22.5913016	120.306618	07-8218252
邱仲禮診所	高雄前鎮區鎮榮街45號	22.5905373	120.3116373	07-8211363
國軍高雄門診中心	高雄前鎮區光華二路51號	22.609925	120.31686	07-3344003
林正宗診所	高雄前鎮區一心一路404號	22.6095389	120.3148734	07-3303615
林慶端診所	高雄前鎮區和平二路293號	22.615289	120.3223958	07-7616392
永興診所	高雄前鎮區鎮興路222號	22.5930026	120.311642	07-8157006
瑞祥醫院	高雄前鎮區班超路92號	22.6025989	120.3249605	07-7717503
美和診所	高雄前鎮區翠亨北路577號1樓	22.5923598	120.3129618	07-8120053
大家診所	高雄前鎮區草衙二路430號	22.579295	120.322706	07-8117772
美德聯合診所	高雄前鎮區草衙二路385號	22.578366	120.322241	07-8156375
大鈞診所	高雄前鎮區草衙二路430號	22.579295	120.322706	07-8117772
宏恩診所	高雄前鎮區正勤路71號1樓	22.603048	120.305572	07-5370666
楊榮超診所	高雄前鎮區一心二路133號	22.612133	120.3082721	07-3382616
宋銘宏診所	高雄前鎮區一心二路49號	22.611305	120.310255	07-5378812
大福診所	高雄前鎮區光華二路159號	22.6116638	120.31744	07-3317601
瑞隆診所	高雄前鎮區瑞隆路373號	22.6053693	120.3310164	07-7512055
蕭基昌耳鼻喉科診所	高雄前鎮區永豐路91號	22.6059361	120.3333494	07-7510098
謝麗煌小兒科內科診所	高雄前鎮區隆興街151號	22.6058089	120.3278002	07-7716485
吉泰內科診所	高雄前鎮區保泰路419號	22.6039461	120.3356567	07-7616000
陳文宏診所	高雄前鎮區瑞隆路319號	22.6054267	120.3323648	07-7131516
新生聯合診所	高雄前鎮區中山二路238號	22.6118415	120.3055913	07-3340129
瑞安診所	高雄前鎮區公正路268號	22.6078822	120.3307119	07-7616420
吳昆哲婦產小兒科	高雄前鎮區民權二路430號	22.6120447	120.3143343	07-3319611
南隆小兒科診所	高雄前鎮區林森三路146號1樓	22.613495	120.308753	07-3382967
慶大診所	高雄前鎮區中華五路993號2樓	22.602623	120.305884	07-5366226
維康診所	高雄前鎮區鄭和路45號	22.60748	120.313533	07-3345373
尚佑診所	高雄前鎮區中華五路987號1至2樓	22.602385	120.305978	07-5376995
陳方明診所	高雄前鎮區一心二路59號1樓	22.611402	120.310009	07-5374381
尚正診所	高雄前鎮區一心二路47之1號	22.611282	120.310307	07-5361568
蘇素環神經科診所	高雄新興區忠孝一路508號	22.6362212	120.3066094	07-2366661
家佳診所	高雄新興區和平一路193號1至2樓	22.630773	120.317605	07-2234383
蘇鉉釗耳鼻喉科診所	高雄新興區林森一路276號1至2樓	22.6362409	120.3052472	07-2379119
光晴診所	高雄新興區開封路31號1樓	22.628339	120.311368	07-2260591
馬敘強診所	高雄新興區林森一路37之1號1樓	22.6238277	120.3050041	07-2817220
蔡瑞聲診所	高雄新興區中正三路63號1樓	22.6308216	120.3077475	07-2413388
健和診所	高雄新興區青年一路278號1至4樓	22.6217523	120.3070698	07-2513388
偉峰診所	高雄新興區林森一路126號1樓	22.6284674	120.3045571	07-2820396
周玉祺診所	高雄新興區六合路157號1至2樓	22.631969	120.314867	07-2262128
毛重富耳鼻喉科診所	高雄新興區復興一路107之1號	22.6328768	120.3082012	07-2350168
紀耳鼻喉科診所	高雄新興區林森一路154號之1	22.629727	120.3047	07-2719087
惠仁醫院	高雄新興區中山一路67號之2	22.6298744	120.3015188	07-2010196
增田診所	高雄新興區八德一路155號1樓	22.6353647	120.3092733	07-2363128
七賢脊椎外科醫院	高雄新興區七賢一路420號B1至8樓	22.6344715	120.3060514	07-2385878
幸生診所	高雄新興區民生一路240號	22.6277497	120.3069928	07-2151357
南和診所	高雄新興區南台路37之2號	22.6301471	120.3005914	07-2722217
愛心內兒科診所	高雄新興區仁愛二街8號	22.6224574	120.3086278	07-2017680
陳中柱外內科診所	高雄新興區林森一路120號	22.6283436	120.3045545	07-2815287
張榮州婦產科診所	高雄新興區忠孝一路249號1至3樓	22.6313866	120.3059028	07-2361377
立人健康診所	高雄新興區大同一路200號3樓	22.6288247	120.300067	07-2811668
謝德利診所	高雄新興區林森一路158號	22.6299265	120.3046645	07-2413308
葉英鏘診所	高雄新興區洛陽街1號	22.632746	120.309078	07-2387871
吳國欽內科診所	高雄新興區民主路71號1樓	22.6326397	120.2987042	07-2870789
七賢診所	高雄新興區七賢二路89號1樓	22.633984	120.298701	07-2887338
展華內兒科診所	高雄新興區八德一路182號	22.6356017	120.3088371	07-2386222
東生診所	高雄新興區五福一路86號	22.627504	120.313761	07-2238481
維格皮膚科診所	高雄新興區五福一路120號1樓	22.627242	120.312898	07-2291237
王育彥耳鼻喉科診所	高雄新興區七賢一路476號	22.6345964	120.304189	07-2352268
新華醫院	高雄新興區七賢二路９７號	22.6339008	120.2984378	07-2876080
蘇榮茂診所	高雄新興區民族二路76號1至4樓	22.633049	120.313776	07-2231243
張正國診所	高雄新興區忠孝一路19號1樓	22.6223366	120.3070248	07-2161238
好生診所	高雄前金區七賢二路183號1至3樓	22.6331171	120.2959917	07-2867000
宏祐診所	高雄前金區中正四路124號1樓	22.630132	120.297566	07-2856777
蔡國晉家庭醫學科診所	高雄前金區瑞源路189號	22.634852	120.296006	07-2858371
大明診所	高雄前金區新田路220號1樓	22.6210211	120.2995935	07-2413103
高雄市立大同醫院	高雄前金區中華三路68號	22.6269695	120.2972463	07-2911101
吉田耳鼻喉科診所	高雄前金區自強一路63號B1至2樓	22.6310612	120.2929452	07-2113165
余國榮耳鼻咽喉科診所	高雄前金區中華三路227號1樓	22.6337932	120.2939628	07-2167126
健新醫院	高雄前金區七賢二路295號	22.6313717	120.2907355	07-2613866
上琳醫院	高雄前金區自強一路67號B1至7樓	22.6312068	120.2928641	07-2828668
大郭診所	高雄前金區自強二路69號	22.624062	120.2956856	07-2412233
王銘燦皮膚科診所	高雄前金區民生二路129號1樓	22.624872	120.295179	07-2618500
文宏耳鼻喉科診所	高雄前金區自強二路20號1樓	22.6223531	120.296575	07-2515198
翁宏仁婦產科診所	高雄前金區自強二路65號	22.6239591	120.2957335	07-2818558
黃鵬國診所	高雄前金區中華三路152號	22.6313208	120.2952967	07-2869599
蔡景福內兒科診所	高雄前金區自強一路183之3號	22.6339192	120.2918066	07-2811221
汪昇勳耳鼻喉科診所	高雄鹽埕區瀨南街225之1號1樓	22.6279787	120.2841197	07-5216655
盧榮坤小兒科診所	高雄鹽埕區莒光街137號	22.6228052	120.2841103	07-5315657
劉應炎診所	高雄鹽埕區大公路100號	22.6278831	120.2825086	07-5511051
新欣診所	高雄鹽埕區新樂街120號1樓	22.6239674	120.285426	07-5316775
木雄婦產科診所	高雄鹽埕區大禮街60之1號	22.622208	120.287739	07-5618121
洪清文診所	高雄鹽埕區七賢三路122號1樓	22.625967	120.282357	07-5611725
王德瑞內兒科診所	高雄鹽埕區建國四路243號	22.6280547	120.2814348	07-5511852
施家庭醫學科診所	高雄鹽埕區新興街118號1樓	22.6270498	120.2821225	07-5324460
永明診所	高雄鹽埕區五福四路161號	22.623428	120.28339	07-5513436
高耿耀診所	高雄楠梓區建楠路179號1樓	22.726808	120.325811	07-3529803
健仁醫院	高雄楠梓區楠陽路136號	22.7237039	120.3291328	07-3517166
右昌聯合醫院	高雄楠梓區軍校路930號B1至9樓	22.713498	120.2909126	07-3643388
長春醫院	高雄楠梓區右昌街331號1至5樓	22.714334	120.2891549	07-3612995
顏威裕醫院	高雄楠梓區後昌路826號	22.7111144	120.2956424	07-3639053
歐慈德內科診所	高雄楠梓區後昌路915號	22.7133842	120.293727	07-3633900
九大聯合診所	高雄楠梓區楠梓新路260號1樓	22.72819	120.326222	07-3531510
康東原診所	高雄楠梓區右昌街376號	22.714975	120.289007	07-3610115
廣佑安診所	高雄楠梓區後昌路678號1樓	22.7091067	120.2977106	07-3605998
聖昌診所	高雄楠梓區後昌路773號1樓	22.7102021	120.2960562	07-3639666
賴聰宏小兒科診所	高雄楠梓區軍校路664號	22.706931	120.293035	07-3630769
吉豐耳鼻喉科診所	高雄楠梓區建楠路143號1樓及3樓	22.726741	120.326605	07-3515056
家恩診所	高雄楠梓區旗楠路883之8號1樓	22.7418092	120.3384376	07-3551133
元景耳鼻喉科神經科診所	高雄楠梓區建楠路143號1至3樓	22.726741	120.326605	07-3515056
宏生診所	高雄楠梓區樂群路179巷2號	22.718978	120.296821	07-3619412
宏育診所	高雄楠梓區樂群路241號	22.7206048	120.2960981	07-3655331
慕恩診所	高雄楠梓區高楠公路1762號1樓	22.728535	120.321631	07-3638188
健安診所	高雄楠梓區岳陽街53號	22.729749	120.330691	07-3529801
陳其新診所	高雄楠梓區楠梓路28號	22.7285601	120.329762	07-3521077
孫欲珍小兒科家庭醫學科診所	高雄楠梓區德賢路241號1樓	22.7263166	120.3052115	07-3613709
陳顯明診所	高雄楠梓區德賢路265號1樓	22.7261843	120.3040657	07-3648127
祥霖診所	高雄楠梓區德賢路530巷9號1至2樓	22.7287852	120.3111146	07-3630930
長義診所	高雄楠梓區惠民路46號	22.7249255	120.2987302	07-3640553
杏美診所	高雄楠梓區德祥路149號1樓	22.7265938	120.3092768	07-3645599
林邑樵耳鼻喉科診所	高雄楠梓區益群路6號1樓	22.723649	120.2977543	07-3600819
鄭泰德診所	高雄楠梓區惠民路235號1樓	22.723574	120.2935009	07-3651090
建霖耳鼻喉科診所	高雄楠梓區鳳楠路248號1樓	22.72615	120.329666	07-3523006
家福耳鼻喉科診所	高雄楠梓區後昌新路15號	22.7185415	120.2919193	07-3609988
楊宗憲診所	高雄楠梓區德賢路165號1至2樓	22.726494	120.306605	07-3663511
杏生婦產科診所	高雄楠梓區德民路292號1至3樓	22.7260314	120.3081345	07-3658288
慶仁耳鼻喉科診所	高雄楠梓區軍校路884號	22.712274	120.292146	07-3658663
何慈育診所	高雄楠梓區德民路1003之3號1樓	22.7190877	120.2863433	07-3012355
楊煌榮內兒科診所	高雄楠梓區加昌路972號	22.7130506	120.2906052	07-3618293
李國祥內兒科診所	高雄楠梓區後昌路763號1樓	22.7100728	120.2961696	07-3619595
仁安診所	高雄楠梓區後昌路1165號1樓	22.7172685	120.2909683	07-3684128
王建安小兒科診所	高雄楠梓區德民路949號1樓	22.7206793	120.2889024	07-3600680
台灣中油國光聯合診所	高雄楠梓區後昌路546巷2號1至2樓	22.720507	120.312472	07-5824141
常德診所	高雄楠梓區常德路331號1樓	22.7374754	120.3372017	07-3537431
林自強內科診所	高雄楠梓區楠都東街222號	22.7266896	120.3270961	07-3553110
高雄市立聯合醫院	高雄鼓山區中華一路976號B1至9樓	22.654927	120.291194	07-5552565
建生診所	高雄鼓山區美術東四路325號	22.6608337	120.2902988	07-5555366
明誠聯合診所	高雄鼓山區中華一路310號	22.6655875	120.2914192	07-5538665
祐琳小兒科診所	高雄鼓山區裕誠路1180號	22.665997	120.2975034	07-5551870
腎美診所	高雄鼓山區中華一路336號1至2樓及6樓	22.6623533	120.2921689	07-5544900
正大醫院	高雄鼓山區鼓山三路128之9號	22.6638752	120.2797023	07-5823989
家安診所	高雄鼓山區裕誠路1515號	22.6648948	120.295188	07-5541515
為好診所	高雄鼓山區九如四路957號2樓	22.6553658	120.2788273	07-5215489
建元診所	高雄鼓山區裕誠路1145號1至2樓	22.6657205	120.297625	07-5543957
祐安小兒科診所	高雄鼓山區九如四路1410號	22.6581753	120.2792788	07-5318616
聖明醫院	高雄鼓山區鼓山三路52號	22.6550384	120.2754984	07-5313755
柯文良小兒科診所	高雄鼓山區華榮路352號1樓	22.667689	120.296192	07-5535760
生安婦產小兒科醫院	高雄鼓山區美術東二路177號B2至11樓	22.6624537	120.2882223	07-5223138
南加大耳鼻喉科診所	高雄鼓山區明華路303號	22.6632243	120.3003755	07-5525711
吳展名診所	高雄鼓山區明誠三路598號	22.6613124	120.2973536	07-5535658
陳大洲耳鼻喉科診所	高雄鼓山區中華一路10號1樓	22.668158	120.287212	07-5873653
朱光興診所	高雄鼓山區文信路256號1樓	22.6646523	120.299132	07-5227188
瑞芳耳鼻喉科診所	高雄鼓山區華榮路298號1樓	22.6662204	120.297048	07-5527887
鄭廣仁小兒科診所	高雄鼓山區華榮路207號1樓	22.6654804	120.2968036	07-5555350
鼎新診所	高雄鼓山區鼓波街42之11號	22.6222125	120.2717222	07-5512013
黃柏翰皮膚科診所	高雄鼓山區大順一路823號	22.655292	120.300245	07-5501711
國立中山大學附設醫務室	高雄鼓山區蓮海路70號東1003室	22.6270179	120.2674102	07-5250115
宏澤耳鼻喉科診所	高雄鼓山區文信路238號	22.6646136	120.300224	07-5552533
明新診所	高雄鼓山區裕誠路1940號	22.659069	120.29402	07-5551880
明義診所	高雄小港區孔鳳路542號	22.582151	120.35883	07-7916959
高雄市立小港醫院	高雄小港區山明路482號B1至10樓	22.5674103	120.3633173	07-8036783
臨海醫院	高雄小港區沿海一路461號1至7樓	22.5616312	120.3568858	07-8012171
安泰醫院	高雄小港區學府路111號	22.5654092	120.3596482	07-8017856
柯芳蓉黃麗瑛小兒科診所	高雄小港區漢民路716號1樓	22.567544	120.362329	07-8053077
鳳林診所	高雄小港區鳳林路93之1號1至2樓	22.526359	120.3463944	07-8720822
孔鳳診所	高雄小港區孔鳳路571號1樓	22.584076	120.358628	07-7910311
欣新診所	高雄小港區孔鳳路416號1樓	22.5814294	120.3611746	07-7933880
桂陽診所	高雄小港區桂陽路310號1樓	22.582086	120.3524	07-7917770
聖泰耳鼻喉科診所	高雄小港區漢民路214號1樓	22.565419	120.351721	07-8020972
羅錦泉診所	高雄小港區平和路105號	22.5655821	120.3331466	07-8314168
蔡坤霖小兒科診所	高雄小港區二苓路148號1樓	22.56549	120.350092	07-8030816
李宣炘診所	高雄小港區漢民路249號	22.566174	120.351968	07-8063229
長慶小兒科診所	高雄小港區漢民路413號1樓	22.5670404	120.3577484	07-8068170
施晉南診所	高雄小港區平治街1號	22.567607	120.3581934	07-8021622
蔡崇麟內科診所	高雄小港區小港路237號1樓	22.564181	120.336387	07-8211098
朝陽耳鼻喉科診所	高雄小港區平和路144號1樓	22.5669399	120.3324026	07-8311228
仁武區衛生所	高雄仁武區地政街 23號	22.7008349	120.3516645	07-3711434
揚善診所	高雄仁武區仁樂街178號	22.7037922	120.3472203	07-3758419
仁雄診所	高雄仁武區仁雄路15之1號1樓	22.6811922	120.3524225	07-3741298
仁武好心診所	高雄仁武區中正路301號1樓	22.7027086	120.3530149	07-3719895
陽光診所	高雄仁武區中華路255號	22.7001663	120.3514758	07-3755500
仁里診所	高雄仁武區仁樂街202號	22.703841	120.3476703	07-3729603
易生診所	高雄仁武區中華路306號	22.7005501	120.35266	07-3746901
劉內兒科診所	高雄仁武區仁心路6號	22.6904519	120.3686226	07-3718727
大林診所	高雄仁武區仁雄路９號	22.681342	120.3547538	07-3718528
長恩聯合診所	高雄仁武區仁忠路83號	22.6774512	120.3559263	07-3747975
健欣診所	高雄仁武區八德中路59號1樓	22.6852134	120.3390149	07-3717928
蔡定洲耳鼻喉科診所	高雄仁武區八德西路2300號1樓	22.6869602	120.3373033	07-3756161
賴顯忠診所	高雄旗津區商港街14巷92弄18號	22.5760786	120.2949603	07-5718773
晴美旗后診所	高雄旗津區旗津三路962巷2號	22.607956	120.270229	07-5710522
高雄市立旗津醫院	高雄旗津區旗港路33號	22.5904375	120.2851625	07-5711188
重康診所	高雄旗津區通山路31號	22.613	120.268671	07-5719288
白鋒釗診所	高雄旗津區中洲三路99之1號	22.598147	120.280137	07-5718239
徐誌忠內科診所	高雄旗津區中洲三路775號	22.611811	120.269705	07-5710063
豐穎診所	高雄鳥松區中正路355之2號1樓	22.6628851	120.3634592	07-7316996
聯安診所	高雄鳥松區中正路343號	22.6623574	120.3635319	07-7335076
劉金龍診所	高雄鳥松區學堂路78之5號	22.6582214	120.3900364	07-7313935
鳥松區衛生所	高雄鳥松區文前路文北巷1弄4號	22.6635711	120.3627669	07-7316404
高雄長庚紀念醫院	高雄鳥松區大埤路123號	22.6493624	120.3526317	07-7317123
建佑醫院	高雄林園區東林西路360號	22.5036808	120.3863075	07-6437901
霖園醫院	高雄林園區林園北路244號	22.5089251	120.3945969	07-6413399
陳鍾靈診所	高雄林園區信義路16號	22.5075305	120.3915169	07-6429651
聯美診所	高雄林園區林園北路344號	22.5098855	120.3946137	07-6433512
聯合王婦產科診所	高雄林園區沿海路148號	22.5001061	120.3888287	07-6425968
建芳診所	高雄林園區東林東路28號1樓	22.5036788	120.3968544	07-6467666
黃英豪診所	高雄林園區林園北路188號	22.5084779	120.3946614	07-6412134
川宏診所	高雄林園區鳳林路一段83號1樓	22.5030367	120.3976547	07-6452520
林園區衛生所	高雄林園區林園北路186號	22.5084779	120.3946614	07-6412404
林怡仁診所	高雄岡山區岡燕路320號	22.7913852	120.3060148	07-6228926
吳宗慶診所	高雄岡山區中山北路47號	22.7938471	120.2987381	07-6229868
黃耳鼻喉科診所	高雄岡山區岡山路347之1號	22.7976332	120.2952122	07-6230011
盧榮福內兒科診所	高雄岡山區仁壽路39號	22.792624	120.2896699	07-6261515
國軍高雄總醫院岡山分院	高雄岡山區大義二路1號	22.7893873	120.2855541	07-6250919
翁明清婦產科診所	高雄岡山區前峰路73號	22.7957686	120.2869249	07-6262997
得安診所	高雄岡山區前峰路41號	22.7951247	120.2878623	07-6258387
劉志廷家庭醫學科診所	高雄岡山區維新路51號	22.7931878	120.2944592	07-6228617
陳國俊小兒科診所	高雄岡山區岡山路73號	22.7830548	120.2975739	07-6297200
皇明診所	高雄岡山區公園西路三段86之1號	22.7945979	120.2844097	07-6263592
黃子育診所	高雄岡山區前峰路39號	22.7947024	120.288568	07-6270101
新博愛診所	高雄岡山區大德一路15號1至2樓	22.7965497	120.2965641	07-6215799
高雄市立岡山醫院	高雄岡山區壽天路12號	22.7965499	120.2946285	07-6222131
天佑診所	高雄岡山區嘉興路117號	22.8186481	120.302153	07-6224457
惠川醫院	高雄岡山區岡山路92號	22.7879803	120.2967518	07-6229292
劉光雄醫院	高雄岡山區岡山路380之1號	22.794195	120.2959063	07-6219156
蘇俊明小兒科	高雄岡山區平和路200號	22.7954447	120.2918969	07-6223189
劉嘉修醫院	高雄岡山區岡山路428號	22.7957357	120.2957629	07-6221231
岡山家福耳鼻喉科診所	高雄岡山區岡山路312之1號1樓	22.7936797	120.2959576	07-6219595
翁仁茂診所	高雄岡山區公園西路三段123號	22.7931446	120.2853202	07-6260039
吳中仁診所	高雄岡山區大德三路63號1樓	22.789055	120.2979162	07-6231223
振華診所	高雄岡山區公園西路二段111號	22.7975286	120.2869002	07-6268916
楊禮瑜診所	高雄岡山區柳橋東路30號	22.7910534	120.2944283	07-6233598
岡山區衛生所	高雄岡山區公園路50號	22.7961195	120.2910096	07-6212015
大承耳鼻喉科診所	高雄大寮區鳳屏一路464號1樓	22.6381474	120.3959797	07-7013668
瑞生醫院	高雄大寮區鳳林四路192號	22.6176625	120.38475	07-7835175
詠新耳鼻喉科診所	高雄大寮區鳳屏一路690號1樓	22.6393358	120.400773	07-7032000
洪耳鼻喉科診所	高雄大寮區鳳林四路156號	22.6223426	120.377918	07-7861305
郭其靈診所	高雄大寮區鳳林三路541號	22.6076479	120.3953106	07-7823335
圓明診所	高雄大寮區鳳林一路147號	22.5417321	120.4043185	07-6433298
奈良診所	高雄大寮區鳳林四路228號	22.6182517	120.3841764	07-7860628
張桐榮診所	高雄大寮區鳳林三路573號	22.6083784	120.3948844	07-7825382
大鋐診所	高雄大寮區鳳屏一路472號1樓	22.6382797	120.3963785	07-7038188
嘉德耳鼻喉科診所	高雄大寮區鳳屏一路443號	22.6380197	120.3955933	07-7022626
大統內兒科診所	高雄大寮區鳳林四路56號	22.6150029	120.3876751	07-7836127
杏安診所	高雄大寮區林厝路53號1樓	22.6146677	120.4079829	07-7810565
太樹診所	高雄大寮區九和路9號	22.6426381	120.4187942	07-6518042
大順診所	高雄大寮區鳳屏一路562號	22.6371727	120.3944366	07-7038417
大寮區衛生所	高雄大寮區進學路129巷2號之1	22.6043689	120.3940415	07-7811965
陳性良診所	高雄橋頭區隆豐路220號	22.753847	120.3072305	07-6127655
廖俊安診所	高雄橋頭區樹德路63號1樓	22.7594003	120.3048408	07-6115040
正心診所	高雄橋頭區隆豐路170號1樓	22.7546644	120.3065616	07-6128080
泰和醫院	高雄橋頭區橋頭里成功路101號	22.7588746	120.309812	07-6111128
張民傑診所	高雄橋頭區橋頭里新興路95號	22.7592954	120.3083698	07-6118991
橋頭區衛生所	高雄橋頭區隆豐路5號	22.757178	120.3052539	07-6113516
微恩診所	高雄大社區中山路195號	22.7319887	120.3471083	07-3530781
洪朝華內科診所	高雄大社區中山路2-6號	22.7323435	120.3430019	07-3515340
陳文泙診所	高雄大社區三民路247號	22.7260718	120.3485539	07-3538678
佳愛診所	高雄大社區大社里自強街26-3號	22.7308728	120.3470365	07-3542888
家祥診所	高雄大社區大社里19鄰中山路252號	22.7375446	120.368051	07-3557711
富安診所	高雄大社區金龍路138號	22.7270739	120.3538787	07-3528996
高新醫院	高雄路竹區中山路627號	22.8640478	120.2573897	07-6975903
溫有諒醫院	高雄路竹區延平路57號	22.8581023	120.2585023	07-6965136
長星診所	高雄路竹區大社路68號	22.8630651	120.2620858	07-6973411
蘇進添小兒科診所	高雄路竹區中興路236號	22.8572114	120.2628128	07-6971769
祐民診所	高雄路竹區中和街180號	22.8588457	120.2575114	07-6072211
馨美診所	高雄路竹區大社路157號	22.8648668	120.2635688	07-6074999
新園診所	高雄路竹區下坑里太平路244號	22.8672503	120.2879037	07-6951718
尚愛診所	高雄路竹區大社路221號	22.8659431	120.264631	07-6977353
仁澤診所	高雄路竹區國昌路331號	22.8616853	120.2557229	07-6076000
蘇玉良診所	高雄路竹區大同路326號	22.8584218	120.2666954	07-6968248
路竹區衛生所	高雄路竹區國昌路86巷22號	22.8552677	120.2585007	07-6962449
長佑醫院	高雄阿蓮區中山路150號	22.8763893	120.3274224	07-6311267
阿蓮康健診所	高雄阿蓮區中正路383號	22.8806888	120.3329481	07-6317288
陳振雄診所	高雄阿蓮區忠孝路300巷15號	22.8791684	120.33381	07-6313016
阿蓮區衛生所	高雄阿蓮區民生路94-1號	22.8826298	120.3274861	07-6317141
黃百祿診所	高雄大樹區中興東路46號	22.6272784	120.3014353	07-6522708
學城診所	高雄大樹區學城路一段39號	22.6272784	120.3014353	07-6577033
佛光聯合診所	高雄大樹區興田里興田路154號	22.7502424	120.4486082	07-6562605
立安診所	高雄大樹區水寮里中山路197號	22.6675135	120.4090524	07-6525768
丰聯診所	高雄大樹區建村街74號	22.6272784	120.3014353	07-6519312
大樹區衛生所	高雄大樹區中興北路120號	22.708371	120.4242401	07-6512935
義大癌治療醫院	高雄燕巢區義大路21號	22.7641376	120.3616978	07-6150022
吳宏彰診所	高雄燕巢區中民路861號1樓	22.7928637	120.3570615	07-6163160
燕巢區衛生所	高雄燕巢區南燕里中興路2號	22.7929348	120.3617996	07-6161148
廣聖醫療社團法人廣聖醫院	高雄旗山區中華路618號1至6樓	22.8849805	120.4854746	07-6622391
衛生福利部旗山醫院	高雄旗山區中學路60號	22.8807955	120.483264	07-6613811
博愛醫院	高雄旗山區延平一路689號	22.8836757	120.4832339	07-6617602
溪州醫院	高雄旗山區延平一路412號	22.8927416	120.4832289	07-6621985
重安醫院	高雄旗山區大德里大仁街18號	22.8830257	120.484802	07-6618471
民愛診所	高雄旗山區復新街15號	22.8848625	120.4825944	07-6617221
林博仁診所	高雄旗山區延平一路229號	22.8948985	120.4837006	07-6621000
鄭耳鼻喉科診所	高雄旗山區延平二路43號1樓	22.8820549	120.4934726	07-6627165
王致瑋小兒科診所	高雄旗山區延平一路485號1樓及485-1號1樓	22.8893765	120.4834212	07-6629922
大政診所	高雄旗山區延平一路337號	22.892274	120.4835021	07-6622588
大元診所	高雄旗山區大同街13之1號	22.8834407	120.4841721	07-6612100
旗山區衛生所	高雄旗山區中正路197號	22.890057	120.479968	07-6612054
三聖醫院	高雄美濃區合和路56號	22.8940591	120.548117	07-6818495
李樹榮診所	高雄美濃區中正路一段17號	22.901758	120.541391	07-6812189
小太陽診所	高雄美濃區成功路129號	22.8941318	120.5467801	07-6812332
美濃區衛生所	高雄美濃區合和里美中路246號	22.8949421	120.541471	07-6812064
觀亭診所	高雄內門區中正路168號	22.9180679	120.4546747	07-6674882
內門區衛生所	高雄內門區觀亭里中埔頭20號	22.9130572	120.4516055	07-6671088
大嘉診所	高雄六龜區太平路114號	22.9953625	120.6376496	07-6895789
六龜區衛生所	高雄六龜區六龜里民治路16號	22.9984979	120.6334035	07-6891244
田寮區衛生所	高雄田寮區南安里崗北路32號	22.8730138	120.3601402	07-6361504
黃重器診所	高雄梓官區大舍南路30號	22.7465565	120.2617499	07-6105664
梓官區衛生所	高雄梓官區梓信里公館路45號	22.764209	120.2675942	07-6177331
蔡坤男診所	高雄彌陀區中正路77號	22.7808386	120.24924	07-6106017
彌陀區衛生所	高雄彌陀區中華路1巷5弄1號	22.7907645	120.2883812	07-6175307
永安區衛生所	高雄永安區永安路26號	22.8187696	120.2260221	07-6912015
湖內區衛生所	高雄湖內區湖中路203號	22.9053108	120.2224189	07-6993009
杉林區衛生所	高雄杉林區上平里山仙路93巷2號	22.9749717	120.5414582	07-6771319
甲仙區衛生所	高雄甲仙區中山路52號	23.0837903	120.587535	07-6751029
桃源區衛生所	高雄桃源區桃源里南進巷188-1號	23.1583565	120.7641957	07-6861126
那瑪夏區衛生所	高雄那瑪夏區瑪雅里平和巷252號	23.2381452	120.6964413	07-6701142
茂林區衛生所	高雄茂林區茂林里8-4號	22.8865459	120.671755	07-6801046
茄萣區衛生所	高雄茄萣區濱海路二段1號	22.8911103	120.1833636	07-6988850
